Workbook

Sheet Hoja1
B3: ETAPA | C3: SECCIÓN | D3: Año de plantación | E3: Variedades | F3: Densidad (Pl/Há) | G3: Hás | H3: Nº de plantas / variedad | I3: Estimación kilos/ plantas / variedad | J3: Estimación total / kilos /variedad /cuartel | K3: Kilos Real | L3: Kg Real / Estimado | M3: Avance respecto a Superficie | N3: Kilos | O3: Kilos | P3: Litros AOEV | Q3: Litros AOEV | R3: Agua | S3: Agua
B4: 1 | C4: A | D4: 2007 | E4: Arbequina | F4: 833 | G4: 27.4 | H4: 22824.2 | I4: 9.6240264 | J4: 219660.7 | K4: 208680 | L4: 0.95001062 | M4: 1 | N4: =MIN(J4:K4) -> 208680 | O4: =MAX(J4:K4) -> 219660.7 | P4: =0.181*N4 -> 37771.08 | Q4: =0.181*O4 -> 39758.587 | R4: =G4/SUM($G$4:$G$17)*$J$35 -> 88998.748 | S4: =R4*(1+RANDBETWEEN(0.05,0.08)) -> 177997.5
E5: Frantoio | F5: 417 | G5: 11.3 | H5: 4712.1 | I5: 5.3411127 | J5: 25167.857 | K5: 17821 | L5: 0.70808571 | M5: 1 | N5: =MIN(J5:K5) -> 17821 | O5: =MAX(J5:K5) -> 25167.857 | P5: =0.181*N5 -> 3225.601 | Q5: =0.181*O5 -> 4555.3821 | R5: =G5/SUM($G$4:$G$17)*$J$35 -> 36703.863 | S5: =R5*(1+RANDBETWEEN(0.05,0.08)) -> 73407.726
C6: B | D6: 2007 | E6: Arbequina | F6: 833 | G6: 32.2 | H6: 26822.6 | I6: 9.9698016 | J6: 267416 | K6: 265600 | L6: 0.99320908 | M6: 1 | N6: =MIN(J6:K6) -> 265600 | O6: =MAX(J6:K6) -> 267416 | P6: =0.181*N6 -> 48073.6 | Q6: =0.181*O6 -> 48402.296 | R6: =G6/SUM($G$4:$G$17)*$J$35 -> 104589.77 | S6: =R6*(1+RANDBETWEEN(0.05,0.08)) -> 209179.54
E7: Frantoio | F7: 417 | G7: 8.2 | H7: 3419.4 | I7: 1.4487974 | J7: 4954.0179 | K7: 5080 | L7: 1.0254303 | M7: 1 | N7: =MIN(J7:K7) -> 4954.0179 | O7: =MAX(J7:K7) -> 5080 | P7: =0.181*N7 -> 896.67723 | Q7: =0.181*O7 -> 919.48 | R7: =G7/SUM($G$4:$G$17)*$J$35 -> 26634.662 | S7: =R7*(1+RANDBETWEEN(0.05,0.08)) -> 53269.323
E8: Coratina | F8: 417 | G8: 6.2 | H8: 2585.4 | I8: 15.372393 | J8: 39743.786 | K8: 49900 | L8: 1.2555422 | M8: 1 | N8: =MIN(J8:K8) -> 39743.786 | O8: =MAX(J8:K8) -> 49900 | P8: =0.181*N8 -> 7193.6252 | Q8: =0.181*O8 -> 9031.9 | R8: =G8/SUM($G$4:$G$17)*$J$35 -> 20138.403 | S8: =R8*(1+RANDBETWEEN(0.05,0.08)) -> 40276.805
C9: C | D9: 2007 | E9: Arbequina | F9: 833 | G9: 28 | H9: 23324 | I9: 8.3677183 | J9: 195168.66 | K9: 186680 | L9: 0.95650602 | M9: 1 | N9: =MIN(J9:K9) -> 186680 | O9: =MAX(J9:K9) -> 195168.66 | P9: =0.181*N9 -> 33789.08 | Q9: =0.181*O9 -> 35325.528 | R9: =G9/SUM($G$4:$G$17)*$J$35 -> 90947.625 | S9: =R9*(1+RANDBETWEEN(0.05,0.08)) -> 181895.25
E10: Coratina | F10: 417 | G10: 12.3 | H10: 5129.1 | I10: 15.133816 | J10: 77622.857 | K10: 104545 | L10: 1.3468327 | M10: 1 | N10: =MIN(J10:K10) -> 77622.857 | O10: =MAX(J10:K10) -> 104545 | P10: =0.181*N10 -> 14049.737 | Q10: =0.181*O10 -> 18922.645 | R10: =G10/SUM($G$4:$G$17)*$J$35 -> 39951.993 | S10: =R10*(1+RANDBETWEEN(0.05,0.08)) -> 79903.985
C11: D | D11: 2007 | E11: Arbequina | F11: 833 | G11: 17.1 | H11: 14244.3 | I11: 8.9628944 | J11: 127670.16 | K11: 92280 | L11: 0.72280009 | M11: 1 | N11: =MIN(J11:K11) -> 92280 | O11: =MAX(J11:K11) -> 127670.16 | P11: =0.181*N11 -> 16702.68 | Q11: =0.181*O11 -> 23108.298 | R11: =G11/SUM($G$4:$G$17)*$J$35 -> 55543.014 | S11: =R11*(1+RANDBETWEEN(0.05,0.08)) -> 111086.03
E12: Coratina | F12: 417 | G12: 8.3 | H12: 3461.1 | I12: 14.331189 | J12: 49601.679 | K12: 50470 | L12: 1.0175059 | M12: 1 | N12: =MIN(J12:K12) -> 49601.679 | O12: =MAX(J12:K12) -> 50470 | P12: =0.181*N12 -> 8977.9038 | Q12: =0.181*O12 -> 9135.07 | R12: =G12/SUM($G$4:$G$17)*$J$35 -> 26959.475 | S12: =R12*(1+RANDBETWEEN(0.05,0.08)) -> 53918.949
C13: E | D13: 2007 | E13: Arbequina | F13: 833 | G13: 7.2 | H13: 5997.6 | I13: 1.8891046 | J13: 11330.094 | K13: 7800 | L13: 0.68843208 | M13: 1 | N13: =MIN(J13:K13) -> 7800 | O13: =MAX(J13:K13) -> 11330.094 | P13: =0.181*N13 -> 1411.8 | Q13: =0.181*O13 -> 2050.747 | R13: =G13/SUM($G$4:$G$17)*$J$35 -> 23386.532 | S13: =R13*(1+RANDBETWEEN(0.05,0.08)) -> 46773.064
E14: Frantoio | F14: 417 | G14: 14.7 | H14: 6129.9 | I14: 6.0030343 | J14: 36798 | K14: 18500 | L14: 0.50274471 | M14: 1 | N14: =MIN(J14:K14) -> 18500 | O14: =MAX(J14:K14) -> 36798 | P14: =0.181*N14 -> 3348.5 | Q14: =0.181*O14 -> 6660.438 | R14: =G14/SUM($G$4:$G$17)*$J$35 -> 47747.503 | S14: =R14*(1+RANDBETWEEN(0.05,0.08)) -> 95495.007
E15: Leccino | F15: 417 | G15: 5.7 | H15: 2376.9 | I15: 0.17081072 | J15: 406 | K15: 335 | L15: 0.82512315 | M15: 1 | N15: =MIN(J15:K15) -> 335 | O15: =MAX(J15:K15) -> 406 | P15: =0.181*N15 -> 60.635 | Q15: =0.181*O15 -> 73.486 | R15: =G15/SUM($G$4:$G$17)*$J$35 -> 18514.338 | S15: =R15*(1+RANDBETWEEN(0.05,0.08)) -> 37028.676
C16: F | D16: 2007 | E16: Arbequina | F16: 833 | G16: 10.5 | H16: 8746.5 | I16: 4.4764281 | J16: 39153.078 | K16: 24960 | L16: 0.63749777 | M16: 1 | N16: =MIN(J16:K16) -> 24960 | O16: =MAX(J16:K16) -> 39153.078 | P16: =0.181*N16 -> 4517.76 | Q16: =0.181*O16 -> 7086.7071 | R16: =G16/SUM($G$4:$G$17)*$J$35 -> 34105.359 | S16: =R16*(1+RANDBETWEEN(0.05,0.08)) -> 68210.719
E17: Coratina | F17: 417 | G17: 4.8 | H17: 2001.6 | I17: 9.4143435 | J17: 18843.75 | K17: 23175 | L17: 1.2298507 | M17: 1 | N17: =MIN(J17:K17) -> 18843.75 | O17: =MAX(J17:K17) -> 23175 | P17: =0.181*N17 -> 3410.7188 | Q17: =0.181*O17 -> 4194.675 | R17: =G17/SUM($G$4:$G$17)*$J$35 -> 15591.021 | S17: =R17*(1+RANDBETWEEN(0.05,0.08)) -> 31182.043
B18: 2 | C18: A | D18: 2008 | E18: Frantoio | F18: 400 | G18: 24.015 | H18: 9606 | I18: 9.2045455 | J18: 88418.864 | K18: 87442 | L18: 0.98895186 | M18: 1 | N18: =MIN(J18:K18) -> 87442 | O18: =MAX(J18:K18) -> 88418.864 | P18: =0.181*N18 -> 15827.002 | Q18: =0.181*O18 -> 16003.814 | R18: =(G18/SUM($G$18:$G$24))*$K$35 -> 81935.285 | S18: =R18*(1+RANDBETWEEN(0.05,0.08)) -> 163870.57
E19: Leccino | F19: 400 | G19: 10.2875 | H19: 4115 | I19: 5.8218 | J19: 23956.707 | K19: 23096 | L19: 0.9640724 | M19: 1 | N19: =MIN(J19:K19) -> 23096 | O19: =MAX(J19:K19) -> 23956.707 | P19: =0.181*N19 -> 4180.376 | Q19: =0.181*O19 -> 4336.164 | R19: =(G19/SUM($G$18:$G$24))*$K$35 -> 35099.281 | S19: =R19*(1+RANDBETWEEN(0.05,0.08)) -> 70198.563
C20: B | D20: 2008 | E20: Frantoio | F20: 417 | G20: 19.196643 | H20: 8005 | I20: 10.922049 | J20: 87431 | K20: 79310 | L20: 0.90711533 | M20: 1 | N20: =MIN(J20:K20) -> 79310 | O20: =MAX(J20:K20) -> 87431 | P20: =0.181*N20 -> 14355.11 | Q20: =0.181*O20 -> 15825.011 | R20: =(G20/SUM($G$18:$G$24))*$K$35 -> 65495.831 | S20: =R20*(1+RANDBETWEEN(0.05,0.08)) -> 130991.66
E21: Frantoio | F21: 400 | G21: 13.385 | H21: 5354 | I21: 1.1297628 | J21: 6048.75 | K21: 5987 | L21: 0.98979128 | M21: 1 | N21: =MIN(J21:K21) -> 5987 | O21: =MAX(J21:K21) -> 6048.75 | P21: =0.181*N21 -> 1083.647 | Q21: =0.181*O21 -> 1094.8237 | R21: =(G21/SUM($G$18:$G$24))*$K$35 -> 45667.449 | S21: =R21*(1+RANDBETWEEN(0.05,0.08)) -> 91334.898
E22: Biancolilla | F22: 417 | G22: 8.2254197 | H22: 3430 | I22: 0.29329446 | J22: 1006 | K22: 897 | L22: 0.8916501 | M22: 1 | N22: =MIN(J22:K22) -> 897 | O22: =MAX(J22:K22) -> 1006 | P22: =0.181*N22 -> 162.357 | Q22: =0.181*O22 -> 182.086 | R22: =(G22/SUM($G$18:$G$24))*$K$35 -> 28063.798 | S22: =R22*(1+RANDBETWEEN(0.05,0.08)) -> 56127.595
E23: Biancolilla | F23: 400 | G23: 3.5225 | H23: 1409 | I23: 3.5791341 | J23: 5043 | K23: 5974 | L23: 1.1846123 | M23: 1 | N23: =MIN(J23:K23) -> 5043 | O23: =MAX(J23:K23) -> 5974 | P23: =0.181*N23 -> 912.783 | Q23: =0.181*O23 -> 1081.294 | R23: =(G23/SUM($G$18:$G$24))*$K$35 -> 12018.199 | S23: =R23*(1+RANDBETWEEN(0.05,0.08)) -> 24036.397
E24: Noccelara | F24: 400 | G24: 2.2125 | H24: 885 | I24: 0.45875706 | J24: 406 | K24: 512 | L24: 1.2610837 | M24: 1 | N24: =MIN(J24:K24) -> 406 | O24: =MAX(J24:K24) -> 512 | P24: =0.181*N24 -> 73.486 | Q24: =0.181*O24 -> 92.672 | R24: =(G24/SUM($G$18:$G$24))*$K$35 -> 7548.6911 | S24: =R24*(1+RANDBETWEEN(0.05,0.08)) -> 15097.382
B25: 3 | C25: SB | D25: 2009 | E25: Arbequina | F25: 555 | G25: 5.7225225 | H25: 3176 | I25: 7.2222688 | J25: 22937.926 | K25: 23600 | L25: 1.0288637 | M25: 1 | N25: =MIN(J25:K25) -> 22937.926 | O25: =MAX(J25:K25) -> 23600 | P25: =0.181*N25 -> 4151.7645 | Q25: =0.181*O25 -> 4271.6 | R25: =(G25/SUM($G$25:$G$31))*$L$35 -> 9793.4383 | S25: =R25*(1+RANDBETWEEN(0.05,0.08)) -> 19586.877
E26: Frantoio | F26: 417 | G26: 2.4676259 | H26: 1029 | I26: 3.9153998 | J26: 4028.9464 | K26: 4084 | L26: 1.0136645 | M26: 1 | N26: =MIN(J26:K26) -> 4028.9464 | O26: =MAX(J26:K26) -> 4084 | P26: =0.181*N26 -> 729.2393 | Q26: =0.181*O26 -> 739.204 | R26: =(G26/SUM($G$25:$G$31))*$L$35 -> 4223.0576 | S26: =R26*(1+RANDBETWEEN(0.05,0.08)) -> 8446.1151
C27: 2A | D27: 2009 | E27: Arbequina | F27: 555 | G27: 11.073874 | H27: 6146 | I27: 4.9958493 | J27: 30704.49 | K27: 33480 | L27: 1.0903943 | M27: 1 | N27: =MIN(J27:K27) -> 30704.49 | O27: =MAX(J27:K27) -> 33480 | P27: =0.181*N27 -> 5557.5127 | Q27: =0.181*O27 -> 6059.88 | R27: =(G27/SUM($G$25:$G$31))*$L$35 -> 18951.66 | S27: =R27*(1+RANDBETWEEN(0.05,0.08)) -> 37903.32
E28: Frantoio | F28: 417 | G28: 5.4652278 | H28: 2279 | I28: 8.0965336 | J28: 18452 | K28: 17584 | L28: 0.95295903 | M28: 1 | N28: =MIN(J28:K28) -> 17584 | O28: =MAX(J28:K28) -> 18452 | P28: =0.181*N28 -> 3182.704 | Q28: =0.181*O28 -> 3339.812 | R28: =(G28/SUM($G$25:$G$31))*$L$35 -> 9353.1081 | S28: =R28*(1+RANDBETWEEN(0.05,0.08)) -> 18706.216
C29: 2C | D29: 2009 | E29: Arbequina | F29: 555 | G29: 14.992793 | H29: 8321 | I29: 2.2175219 | J29: 18452 | K29: 20160 | L29: 1.0925645 | M29: 1 | N29: =MIN(J29:K29) -> 18452 | O29: =MAX(J29:K29) -> 20160 | P29: =0.181*N29 -> 3339.812 | Q29: =0.181*O29 -> 3648.96 | R29: =(G29/SUM($G$25:$G$31))*$L$35 -> 25658.438 | S29: =R29*(1+RANDBETWEEN(0.05,0.08)) -> 51316.877
E30: Frantoio | F30: 417 | G30: 0.66426859 | H30: 277 | I30: 5.6570397 | J30: 1567 | K30: 1560 | L30: 0.99553287 | M30: 1 | N30: =MIN(J30:K30) -> 1560 | O30: =MAX(J30:K30) -> 1567 | P30: =0.181*N30 -> 282.36 | Q30: =0.181*O30 -> 283.627 | R30: =(G30/SUM($G$25:$G$31))*$L$35 -> 1136.8192 | S30: =R30*(1+RANDBETWEEN(0.05,0.08)) -> 2273.6384
E31: Leccino | F31: 417 | G31: 5.6091127 | H31: 2339 | I31: 1.1624626 | J31: 2719 | K31: 2835 | L31: 1.0426627 | M31: 1 | N31: =MIN(J31:K31) -> 2719 | O31: =MAX(J31:K31) -> 2835 | P31: =0.181*N31 -> 492.139 | Q31: =0.181*O31 -> 513.135 | R31: =(G31/SUM($G$25:$G$31))*$L$35 -> 9599.3505 | S31: =R31*(1+RANDBETWEEN(0.05,0.08)) -> 19198.701
J34: etapa 1 | K34: etapa 2 | L34: etapa 3
I35: Agua | J35: 629812.3 | K35: 275828.53 | L35: 78715.872
J36: A | K36: B | L36: C
J40: 629812.3 | K40: 275828.53 | L40: 78715.872
J41: =J40*0.7 -> 440868.61 | K41: =K40*0.8 -> 220662.83 | L41: =L40*0.8 -> 62972.698

Sheet Hoja2
E5: ETAPA | F5: SECCIÓN | G5: Año de plantación | H5: Variedades | I5: Cuartel | J5: Hás | K5: Kilos | L5: Litros AOEV | M5: Agua | N5: Costos | O5: Ingresos
E6: 1 | F6: A | G6: 2007 | H6: Arbequina | I6: 1 | J6: 27.4 | K6: =AVERAGE(Hoja1!N4:O4) -> 214170.35 | L6: =AVERAGE(Hoja1!P4:Q4) -> 38764.834 | M6: =AVERAGE(Hoja1!R4:S4) -> 133498.12 | N6: =40*M6+IF(H6="Arbequina",1,0)*345000+IF(H6="Arbequina",0,1)*200 -> 5684924.9 | O6: =850.7*L6*3.5 -> 1.1542035e+08 | Q6: Ingresos-Costos
H7: Frantoio | I7: 2 | J7: 11.3 | K7: =AVERAGE(Hoja1!N5:O5) -> 21494.429 | L7: =AVERAGE(Hoja1!P5:Q5) -> 3890.4916 | M7: =AVERAGE(Hoja1!R5:S5) -> 55055.795 | N7: =40*M7+IF(H7="Arbequina",1,0)*345000+IF(H7="Arbequina",0,1)*200 -> 2202431.8 | O7: =850.7*L7*3.5 -> 11583744 | Q7: =SUM($O$6:$O$33)-SUM($N$6:$N$33) -> 6.8882756e+08
F8: B | G8: 2007 | H8: Arbequina | I8: 3 | J8: 32.2 | K8: =AVERAGE(Hoja1!N6:O6) -> 266508 | L8: =AVERAGE(Hoja1!P6:Q6) -> 48237.948 | M8: =AVERAGE(Hoja1!R6:S6) -> 156884.65 | N8: =40*M8+IF(H8="Arbequina",1,0)*345000+IF(H8="Arbequina",0,1)*200 -> 6620386.1 | O8: =850.7*L8*3.5 -> 1.4362608e+08
H9: Frantoio | I9: 4 | J9: 8.2 | K9: =AVERAGE(Hoja1!N7:O7) -> 5017.0089 | L9: =AVERAGE(Hoja1!P7:Q7) -> 908.07862 | M9: =AVERAGE(Hoja1!R7:S7) -> 39951.993 | N9: =40*M9+IF(H9="Arbequina",1,0)*345000+IF(H9="Arbequina",0,1)*200 -> 1598279.7 | O9: =850.7*L9*3.5 -> 2703758.7
H10: Coratina | I10: 5 | J10: 6.2 | K10: =AVERAGE(Hoja1!N8:O8) -> 44821.893 | L10: =AVERAGE(Hoja1!P8:Q8) -> 8112.7626 | M10: =AVERAGE(Hoja1!R8:S8) -> 30207.604 | N10: =40*M10+IF(H10="Arbequina",1,0)*345000+IF(H10="Arbequina",0,1)*200 -> 1208504.2 | O10: =850.7*L10*3.5 -> 24155345
F11: C | G11: 2007 | H11: Arbequina | I11: 6 | J11: 28 | K11: =AVERAGE(Hoja1!N9:O9) -> 190924.33 | L11: =AVERAGE(Hoja1!P9:Q9) -> 34557.304 | M11: =AVERAGE(Hoja1!R9:S9) -> 136421.44 | N11: =40*M11+IF(H11="Arbequina",1,0)*345000+IF(H11="Arbequina",0,1)*200 -> 5801857.5 | O11: =850.7*L11*3.5 -> 1.0289264e+08
H12: Coratina | I12: 7 | J12: 12.3 | K12: =AVERAGE(Hoja1!N10:O10) -> 91083.929 | L12: =AVERAGE(Hoja1!P10:Q10) -> 16486.191 | M12: =AVERAGE(Hoja1!R10:S10) -> 59927.989 | N12: =40*M12+IF(H12="Arbequina",1,0)*345000+IF(H12="Arbequina",0,1)*200 -> 2397319.6 | O12: =850.7*L12*3.5 -> 49086810
F13: D | G13: 2007 | H13: Arbequina | I13: 8 | J13: 17.1 | K13: =AVERAGE(Hoja1!N11:O11) -> 109975.08 | L13: =AVERAGE(Hoja1!P11:Q11) -> 19905.489 | M13: =AVERAGE(Hoja1!R11:S11) -> 83314.521 | N13: =40*M13+IF(H13="Arbequina",1,0)*345000+IF(H13="Arbequina",0,1)*200 -> 3677580.8 | O13: =850.7*L13*3.5 -> 59267599
H14: Coratina | I14: 9 | J14: 8.3 | K14: =AVERAGE(Hoja1!N12:O12) -> 50035.839 | L14: =AVERAGE(Hoja1!P12:Q12) -> 9056.4869 | M14: =AVERAGE(Hoja1!R12:S12) -> 40439.212 | N14: =40*M14+IF(H14="Arbequina",1,0)*345000+IF(H14="Arbequina",0,1)*200 -> 1617768.5 | O14: =850.7*L14*3.5 -> 26965237
F15: E | G15: 2007 | H15: Arbequina | I15: 10 | J15: 7.2 | K15: =AVERAGE(Hoja1!N13:O13) -> 9565.0469 | L15: =AVERAGE(Hoja1!P13:Q13) -> 1731.2735 | M15: =AVERAGE(Hoja1!R13:S13) -> 35079.798 | N15: =40*M15+IF(H15="Arbequina",1,0)*345000+IF(H15="Arbequina",0,1)*200 -> 1748191.9 | O15: =850.7*L15*3.5 -> 5154780.2
H16: Frantoio | I16: 11 | J16: 14.7 | K16: =AVERAGE(Hoja1!N14:O14) -> 27649 | L16: =AVERAGE(Hoja1!P14:Q14) -> 5004.469 | M16: =AVERAGE(Hoja1!R14:S14) -> 71621.255 | N16: =40*M16+IF(H16="Arbequina",1,0)*345000+IF(H16="Arbequina",0,1)*200 -> 2865050.2 | O16: =850.7*L16*3.5 -> 14900556
H17: Leccino | I17: 12 | J17: 5.7 | K17: =AVERAGE(Hoja1!N15:O15) -> 370.5 | L17: =AVERAGE(Hoja1!P15:Q15) -> 67.0605 | M17: =AVERAGE(Hoja1!R15:S15) -> 27771.507 | N17: =40*M17+IF(H17="Arbequina",1,0)*345000+IF(H17="Arbequina",0,1)*200 -> 1111060.3 | O17: =850.7*L17*3.5 -> 199669.29
F18: F | G18: 2007 | H18: Arbequina | I18: 13 | J18: 10.5 | K18: =AVERAGE(Hoja1!N16:O16) -> 32056.539 | L18: =AVERAGE(Hoja1!P16:Q16) -> 5802.2336 | M18: =AVERAGE(Hoja1!R16:S16) -> 51158.039 | N18: =40*M18+IF(H18="Arbequina",1,0)*345000+IF(H18="Arbequina",0,1)*200 -> 2391321.6 | O18: =850.7*L18*3.5 -> 17275860
H19: Coratina | I19: 14 | J19: 4.8 | K19: =AVERAGE(Hoja1!N17:O17) -> 21009.375 | L19: =AVERAGE(Hoja1!P17:Q17) -> 3802.6969 | M19: =AVERAGE(Hoja1!R17:S17) -> 23386.532 | N19: =40*M19+IF(H19="Arbequina",1,0)*345000+IF(H19="Arbequina",0,1)*200 -> 935661.29 | O19: =850.7*L19*3.5 -> 11322340
E20: 2 | F20: A | G20: 2008 | H20: Frantoio | I20: 15 | J20: 24.015 | K20: =AVERAGE(Hoja1!N18:O18) -> 87930.432 | L20: =AVERAGE(Hoja1!P18:Q18) -> 15915.408 | M20: =AVERAGE(Hoja1!R18:S18) -> 122902.93 | N20: =40*M20+IF(H20="Arbequina",1,0)*345000+IF(H20="Arbequina",0,1)*200 -> 4916317.1 | O20: =850.7*L20*3.5 -> 47387332
H21: Leccino | I21: 16 | J21: 10.2875 | K21: =AVERAGE(Hoja1!N19:O19) -> 23526.354 | L21: =AVERAGE(Hoja1!P19:Q19) -> 4258.27 | M21: =AVERAGE(Hoja1!R19:S19) -> 52648.922 | N21: =40*M21+IF(H21="Arbequina",1,0)*345000+IF(H21="Arbequina",0,1)*200 -> 2106156.9 | O21: =850.7*L21*3.5 -> 12678786
F22: B | G22: 2008 | H22: Frantoio | I22: 17 | J22: 19.196643 | K22: =AVERAGE(Hoja1!N20:O20) -> 83370.5 | L22: =AVERAGE(Hoja1!P20:Q20) -> 15090.06 | M22: =AVERAGE(Hoja1!R20:S20) -> 98243.747 | N22: =40*M22+IF(H22="Arbequina",1,0)*345000+IF(H22="Arbequina",0,1)*200 -> 3929949.9 | O22: =850.7*L22*3.5 -> 44929901
H23: Frantoio | I23: 18 | J23: 13.385 | K23: =AVERAGE(Hoja1!N21:O21) -> 6017.875 | L23: =AVERAGE(Hoja1!P21:Q21) -> 1089.2354 | M23: =AVERAGE(Hoja1!R21:S21) -> 68501.173 | N23: =40*M23+IF(H23="Arbequina",1,0)*345000+IF(H23="Arbequina",0,1)*200 -> 2740246.9 | O23: =850.7*L23*3.5 -> 3243143.9
H24: Biancolilla | I24: 19 | J24: 8.2254197 | K24: =AVERAGE(Hoja1!N22:O22) -> 951.5 | L24: =AVERAGE(Hoja1!P22:Q22) -> 172.2215 | M24: =AVERAGE(Hoja1!R22:S22) -> 42095.697 | N24: =40*M24+IF(H24="Arbequina",1,0)*345000+IF(H24="Arbequina",0,1)*200 -> 1684027.9 | O24: =850.7*L24*3.5 -> 512780.91
H25: Biancolilla | I25: 20 | J25: 3.5225 | K25: =AVERAGE(Hoja1!N23:O23) -> 5508.5 | L25: =AVERAGE(Hoja1!P23:Q23) -> 997.0385 | M25: =AVERAGE(Hoja1!R23:S23) -> 18027.298 | N25: =40*M25+IF(H25="Arbequina",1,0)*345000+IF(H25="Arbequina",0,1)*200 -> 721291.92 | O25: =850.7*L25*3.5 -> 2968632.3
H26: Noccelara | I26: 21 | J26: 2.2125 | K26: =AVERAGE(Hoja1!N24:O24) -> 459 | L26: =AVERAGE(Hoja1!P24:Q24) -> 83.079 | M26: =AVERAGE(Hoja1!R24:S24) -> 11323.037 | N26: =40*M26+IF(H26="Arbequina",1,0)*345000+IF(H26="Arbequina",0,1)*200 -> 453121.47 | O26: =850.7*L26*3.5 -> 247363.57
E27: 3 | F27: SB | G27: 2009 | H27: Arbequina | I27: 22 | J27: 5.7225225 | K27: =AVERAGE(Hoja1!N25:O25) -> 23268.963 | L27: =AVERAGE(Hoja1!P25:Q25) -> 4211.6823 | M27: =AVERAGE(Hoja1!R25:S25) -> 14690.157 | N27: =40*M27+IF(H27="Arbequina",1,0)*345000+IF(H27="Arbequina",0,1)*200 -> 932606.3 | O27: =850.7*L27*3.5 -> 12540073
H28: Frantoio | I28: 23 | J28: 2.4676259 | K28: =AVERAGE(Hoja1!N26:O26) -> 4056.4732 | L28: =AVERAGE(Hoja1!P26:Q26) -> 734.22165 | M28: =AVERAGE(Hoja1!R26:S26) -> 6334.5864 | N28: =40*M28+IF(H28="Arbequina",1,0)*345000+IF(H28="Arbequina",0,1)*200 -> 253583.45 | O28: =850.7*L28*3.5 -> 2186108.3
F29: 2A | G29: 2009 | H29: Arbequina | I29: 24 | J29: 11.073874 | K29: =AVERAGE(Hoja1!N27:O27) -> 32092.245 | L29: =AVERAGE(Hoja1!P27:Q27) -> 5808.6963 | M29: =AVERAGE(Hoja1!R27:S27) -> 28427.49 | N29: =40*M29+IF(H29="Arbequina",1,0)*345000+IF(H29="Arbequina",0,1)*200 -> 1482099.6 | O29: =850.7*L29*3.5 -> 17295103
H30: Frantoio | I30: 25 | J30: 5.4652278 | K30: =AVERAGE(Hoja1!N28:O28) -> 18018 | L30: =AVERAGE(Hoja1!P28:Q28) -> 3261.258 | M30: =AVERAGE(Hoja1!R28:S28) -> 14029.662 | N30: =40*M30+IF(H30="Arbequina",1,0)*345000+IF(H30="Arbequina",0,1)*200 -> 561386.48 | O30: =850.7*L30*3.5 -> 9710232.6
F31: 2C | G31: 2009 | H31: Arbequina | I31: 26 | J31: 14.992793 | K31: =AVERAGE(Hoja1!N29:O29) -> 19306 | L31: =AVERAGE(Hoja1!P29:Q29) -> 3494.386 | M31: =AVERAGE(Hoja1!R29:S29) -> 38487.658 | N31: =40*M31+IF(H31="Arbequina",1,0)*345000+IF(H31="Arbequina",0,1)*200 -> 1884506.3 | O31: =850.7*L31*3.5 -> 10404360
H32: Frantoio | I32: 27 | J32: 0.66426859 | K32: =AVERAGE(Hoja1!N30:O30) -> 1563.5 | L32: =AVERAGE(Hoja1!P30:Q30) -> 282.9935 | M32: =AVERAGE(Hoja1!R30:S30) -> 1705.2288 | N32: =40*M32+IF(H32="Arbequina",1,0)*345000+IF(H32="Arbequina",0,1)*200 -> 68409.151 | O32: =850.7*L32*3.5 -> 842599
H33: Leccino | I33: 28 | J33: 5.6091127 | K33: =AVERAGE(Hoja1!N31:O31) -> 2777 | L33: =AVERAGE(Hoja1!P31:Q31) -> 502.637 | M33: =AVERAGE(Hoja1!R31:S31) -> 14399.026 | N33: =40*M33+IF(H33="Arbequina",1,0)*345000+IF(H33="Arbequina",0,1)*200 -> 576161.03 | O33: =850.7*L33*3.5 -> 1496576.5

Sheet Hoja3
AD1: USD | AE1: USD
A2: Varieties | B2: Surface | D2: Variedades | E2: Cuartel | F2: Hás | G2: Agua | H2: Agua | I2: Costos | J2: Costos | M2: Cuartel | N2: Kilos | O2: Kilos | P2: Litros AOEV | Q2: Litros AOEV | R2: Ingresos | S2: Ingresos | X2: Variedades | Y2: Cuartel | Z2: Hás_min | AA2: Hás_max | AB2: Agua_min | AC2: Agua_max | AD2: Costos_min | AE2: Costos_max | AF2: Kilos_min | AG2: Kilos_max | AH2: Litros_min | AI2: Litros_max | AJ2: Ingresos_min | AK2: Ingresos_max | AN2: Cuartel | AO2: Hás_min | AP2: Hás_max | AQ2: Agua_min | AR2: Agua_max | AS2: Kilos_min | AT2: Kilos_max | AU2: Ingresos_min | AV2: Ingresos_max
A3: Arbequina | B3: =SUMIFS($F$3:$F$30,Tabla1[Variedades],A3) -> 154.18919 | D3: Arbequina | E3: 1 | F3: 27.4 | G3: 88998.748 | H3: 177997.5 | I3: =F35*(1-0.05) -> 5400678.6 | J3: =F35*(1+0.05) -> 5969171.1 | M3: 1 | N3: 208680 | O3: 219660.7 | P3: 37771.08 | Q3: 39758.587 | R3: =J35*(1-0.05) -> 1.0964934e+08 | S3: =J35*(1+0.05) -> 1.2119137e+08 | X3: Arbequina | Y3: 1 | Z3: 27.4 | AA3: 27.4 | AB3: 88998.748 | AC3: 177997.5 | AD3: 5739.2971 | AE3: 6343.4337 | AF3: 208680 | AG3: 219660.7 | AH3: 37771.08 | AI3: 39758.587 | AJ3: 116524.27 | AK3: 128789.98 | AN3: 1 | AO3: 27.4 | AP3: 27.4 | AQ3: 88998.748 | AR3: 177997.5 | AS3: 208680 | AT3: 219660.7 | AU3: 116524.27 | AV3: 128789.98
A4: Biancolilla | B4: =SUMIFS($F$3:$F$30,Tabla1[Variedades],A4) -> 11.74792 | D4: Frantoio | E4: 2 | F4: 11.3 | G4: 36703.863 | H4: 73407.726 | I4: =F36*(1-0.05) -> 2092310.2 | J4: =F36*(1+0.05) -> 2312553.4 | M4: 2 | N4: 17821 | O4: 25167.857 | P4: 3225.601 | Q4: 4555.3821 | R4: =J36*(1-0.05) -> 11004557 | S4: =J36*(1+0.05) -> 12162931 | X4: Frantoio | Y4: 2 | Z4: 11.3 | AA4: 11.3 | AB4: 36703.863 | AC4: 73407.726 | AD4: 2223.4965 | AE4: 2457.5487 | AF4: 17821 | AG4: 25167.857 | AH4: 3225.601 | AI4: 4555.3821 | AJ4: 11694.534 | AK4: 12925.538 | AN4: 2 | AO4: 11.3 | AP4: 11.3 | AQ4: 36703.863 | AR4: 73407.726 | AS4: 17821 | AT4: 25167.857 | AU4: 11694.534 | AV4: 12925.538
A5: Coratina | B5: =SUMIFS($F$3:$F$30,Tabla1[Variedades],A5) -> 31.6 | D5: Arbequina | E5: 3 | F5: 32.2 | G5: 104589.77 | H5: 209179.54 | I5: =F37*(1-0.05) -> 6289366.8 | J5: =F37*(1+0.05) -> 6951405.5 | M5: 3 | N5: 265600 | O5: 267416 | P5: 48073.6 | Q5: 48402.296 | R5: =J37*(1-0.05) -> 1.3644477e+08 | S5: =J37*(1+0.05) -> 1.5080738e+08 | X5: Arbequina | Y5: 3 | Z5: 32.2 | AA5: 32.2 | AB5: 104589.77 | AC5: 209179.54 | AD5: 6683.7055 | AE5: 7387.2534 | AF5: 265600 | AG5: 267416 | AH5: 48073.6 | AI5: 48402.296 | AJ5: 144999.76 | AK5: 160262.89 | AN5: 3 | AO5: 32.2 | AP5: 32.2 | AQ5: 104589.77 | AR5: 209179.54 | AS5: 265600 | AT5: 267416 | AU5: 144999.76 | AV5: 160262.89
A6: Frantoio | B6: =SUMIFS($F$3:$F$30,Tabla1[Variedades],A6) -> 99.393765 | D6: Frantoio | E6: 4 | F6: 8.2 | G6: 26634.662 | H6: 53269.323 | I6: =F38*(1-0.05) -> 1518365.7 | J6: =F38*(1+0.05) -> 1678193.7 | M6: 4 | N6: 4954.0179 | O6: 5080 | P6: 896.67723 | Q6: 919.48 | R6: =J38*(1-0.05) -> 2568570.7 | S6: =J38*(1+0.05) -> 2838946.6 | X6: Frantoio | Y6: 4 | Z6: 8.2 | AA6: 8.2 | AB6: 26634.662 | AC6: 53269.323 | AD6: 1613.5661 | AE6: 1783.4152 | AF6: 4954.0179 | AG6: 5080 | AH6: 896.67723 | AI6: 919.48 | AJ6: 2729.6182 | AK6: 3016.9464 | AN6: 4 | AO6: 8.2 | AP6: 8.2 | AQ6: 26634.662 | AR6: 53269.323 | AS6: 4954.0179 | AT6: 5080 | AU6: 2729.6182 | AV6: 3016.9464
A7: Leccino | B7: =SUMIFS($F$3:$F$30,Tabla1[Variedades],A7) -> 21.596613 | D7: Coratina | E7: 5 | F7: 6.2 | G7: 20138.403 | H7: 40276.805 | I7: =F39*(1-0.05) -> 1148079 | J7: =F39*(1+0.05) -> 1268929.4 | M7: 5 | N7: 39743.786 | O7: 49900 | P7: 7193.6252 | Q7: 9031.9 | R7: =J39*(1-0.05) -> 22947578 | S7: =J39*(1+0.05) -> 25363112 | X7: Coratina | Y7: 5 | Z7: 6.2 | AA7: 6.2 | AB7: 20138.403 | AC7: 40276.805 | AD7: 1220.0627 | AE7: 1348.4903 | AF7: 39743.786 | AG7: 49900 | AH7: 7193.6252 | AI7: 9031.9 | AJ7: 24386.374 | AK7: 26953.361 | AN7: 5 | AO7: 6.2 | AP7: 6.2 | AQ7: 20138.403 | AR7: 40276.805 | AS7: 39743.786 | AT7: 49900 | AU7: 24386.374 | AV7: 26953.361
A8: Noccelara | B8: =SUMIFS($F$3:$F$30,Tabla1[Variedades],A8) -> 2.2125 | D8: Arbequina | E8: 6 | F8: 28 | G8: 90947.625 | H8: 181895.25 | I8: =F40*(1-0.05) -> 5511764.6 | J8: =F40*(1+0.05) -> 6091950.4 | M8: 6 | N8: 186680 | O8: 195168.66 | P8: 33789.08 | Q8: 35325.528 | R8: =J40*(1-0.05) -> 97748012 | S8: =J40*(1+0.05) -> 1.0803728e+08 | X8: Arbequina | Y8: 6 | Z8: 28 | AA8: 28 | AB8: 90947.625 | AC8: 181895.25 | AD8: 5857.3482 | AE8: 6473.9111 | AF8: 186680 | AG8: 195168.66 | AH8: 33789.08 | AI8: 35325.528 | AJ8: 103876.74 | AK8: 114811.13 | AN8: 6 | AO8: 28 | AP8: 28 | AQ8: 90947.625 | AR8: 181895.25 | AS8: 186680 | AT8: 195168.66 | AU8: 103876.74 | AV8: 114811.13
D9: Coratina | E9: 7 | F9: 12.3 | G9: 39951.993 | H9: 79903.985 | I9: =F41*(1-0.05) -> 2277453.6 | J9: =F41*(1+0.05) -> 2517185.5 | M9: 7 | N9: 77622.857 | O9: 104545 | P9: 14049.737 | Q9: 18922.645 | R9: =J41*(1-0.05) -> 46632469 | S9: =J41*(1+0.05) -> 51541150 | X9: Coratina | Y9: 7 | Z9: 12.3 | AA9: 12.3 | AB9: 39951.993 | AC9: 79903.985 | AD9: 2420.2482 | AE9: 2675.0112 | AF9: 77622.857 | AG9: 104545 | AH9: 14049.737 | AI9: 18922.645 | AJ9: 49556.29 | AK9: 54772.742 | AN9: 7 | AO9: 12.3 | AP9: 12.3 | AQ9: 39951.993 | AR9: 79903.985 | AS9: 77622.857 | AT9: 104545 | AU9: 49556.29 | AV9: 54772.742
B10: =SUM(B3:B8) -> 320.73999 | D10: Arbequina | E10: 8 | F10: 17.1 | G10: 55543.014 | H10: 111086.03 | I10: =F42*(1-0.05) -> 3493701.8 | J10: =F42*(1+0.05) -> 3861459.9 | M10: 8 | N10: 92280 | O10: 127670.16 | P10: 16702.68 | Q10: 23108.298 | R10: =J42*(1-0.05) -> 56304219 | S10: =J42*(1+0.05) -> 62230979 | X10: Arbequina | Y10: 8 | Z10: 17.1 | AA10: 17.1 | AB10: 55543.014 | AC10: 111086.03 | AD10: 3712.7543 | AE10: 4103.5705 | AF10: 92280 | AG10: 127670.16 | AH10: 16702.68 | AI10: 23108.298 | AJ10: 59834.451 | AK10: 66132.815 | AN10: 8 | AO10: 17.1 | AP10: 17.1 | AQ10: 55543.014 | AR10: 111086.03 | AS10: 92280 | AT10: 127670.16 | AU10: 59834.451 | AV10: 66132.815
D11: Coratina | E11: 9 | F11: 8.3 | G11: 26959.475 | H11: 53918.949 | I11: =F43*(1-0.05) -> 1536880.1 | J11: =F43*(1+0.05) -> 1698656.9 | M11: 9 | N11: 49601.679 | O11: 50470 | P11: 8977.9038 | Q11: 9135.07 | R11: =J43*(1-0.05) -> 25616975 | S11: =J43*(1+0.05) -> 28313499 | X11: Coratina | Y11: 9 | Z11: 8.3 | AA11: 8.3 | AB11: 26959.475 | AC11: 53918.949 | AD11: 1633.2413 | AE11: 1805.1614 | AF11: 49601.679 | AG11: 50470 | AH11: 8977.9038 | AI11: 9135.07 | AJ11: 27223.14 | AK11: 30088.734 | AN11: 9 | AO11: 8.3 | AP11: 8.3 | AQ11: 26959.475 | AR11: 53918.949 | AS11: 49601.679 | AT11: 50470 | AU11: 27223.14 | AV11: 30088.734
D12: Arbequina | E12: 10 | F12: 7.2 | G12: 23386.532 | H12: 46773.064 | I12: =F44*(1-0.05) -> 1660782.3 | J12: =F44*(1+0.05) -> 1835601.5 | M12: 10 | N12: 7800 | O12: 11330.094 | P12: 1411.8 | Q12: 2050.747 | R12: =J44*(1-0.05) -> 4897041.2 | S12: =J44*(1+0.05) -> 5412519.2 | X12: Arbequina | Y12: 10 | Z12: 7.2 | AA12: 7.2 | AB12: 23386.532 | AC12: 46773.064 | AD12: 1764.9122 | AE12: 1950.6924 | AF12: 7800 | AG12: 11330.094 | AH12: 1411.8 | AI12: 2050.747 | AJ12: 5204.0821 | AK12: 5751.8802 | AN12: 10 | AO12: 7.2 | AP12: 7.2 | AQ12: 23386.532 | AR12: 46773.064 | AS12: 7800 | AT12: 11330.094 | AU12: 5204.0821 | AV12: 5751.8802
D13: Frantoio | E13: 11 | F13: 14.7 | G13: 47747.503 | H13: 95495.007 | I13: =F45*(1-0.05) -> 2721797.7 | J13: =F45*(1+0.05) -> 3008302.7 | M13: 11 | N13: 18500 | O13: 36798 | P13: 3348.5 | Q13: 6660.438 | R13: =J45*(1-0.05) -> 14155528 | S13: =J45*(1+0.05) -> 15645584 | X13: Frantoio | Y13: 11 | Z13: 14.7 | AA13: 14.7 | AB13: 47747.503 | AC13: 95495.007 | AD13: 2892.4524 | AE13: 3196.921 | AF13: 18500 | AG13: 36798 | AH13: 3348.5 | AI13: 6660.438 | AJ13: 15043.07 | AK13: 16626.551 | AN13: 11 | AO13: 14.7 | AP13: 14.7 | AQ13: 47747.503 | AR13: 95495.007 | AS13: 18500 | AT13: 36798 | AU13: 15043.07 | AV13: 16626.551
D14: Leccino | E14: 12 | F14: 5.7 | G14: 18514.338 | H14: 37028.676 | I14: =F46*(1-0.05) -> 1055507.3 | J14: =F46*(1+0.05) -> 1166613.3 | M14: 12 | N14: 335 | O14: 406 | P14: 60.635 | Q14: 73.486 | R14: =J46*(1-0.05) -> 189685.82 | S14: =J46*(1+0.05) -> 209652.75 | X14: Leccino | Y14: 12 | Z14: 5.7 | AA14: 5.7 | AB14: 18514.338 | AC14: 37028.676 | AD14: 1121.6868 | AE14: 1239.7591 | AF14: 335 | AG14: 406 | AH14: 60.635 | AI14: 73.486 | AJ14: 201.57898 | AK14: 222.79782 | AN14: 12 | AO14: 5.7 | AP14: 5.7 | AQ14: 18514.338 | AR14: 37028.676 | AS14: 335 | AT14: 406 | AU14: 201.57898 | AV14: 222.79782
D15: Arbequina | E15: 13 | F15: 10.5 | G15: 34105.359 | H15: 68210.719 | I15: =F47*(1-0.05) -> 2271755.5 | J15: =F47*(1+0.05) -> 2510887.6 | M15: 13 | N15: 24960 | O15: 39153.078 | P15: 4517.76 | Q15: 7086.7071 | R15: =J47*(1-0.05) -> 16412067 | S15: =J47*(1+0.05) -> 18139653 | X15: Arbequina | Y15: 13 | Z15: 10.5 | AA15: 10.5 | AB15: 34105.359 | AC15: 68210.719 | AD15: 2414.1929 | AE15: 2668.3184 | AF15: 24960 | AG15: 39153.078 | AH15: 4517.76 | AI15: 7086.7071 | AJ15: 17441.092 | AK15: 19276.996 | AN15: 13 | AO15: 10.5 | AP15: 10.5 | AQ15: 34105.359 | AR15: 68210.719 | AS15: 24960 | AT15: 39153.078 | AU15: 17441.092 | AV15: 19276.996
D16: Coratina | E16: 14 | F16: 4.8 | G16: 15591.021 | H16: 31182.043 | I16: =F48*(1-0.05) -> 888878.22 | J16: =F48*(1+0.05) -> 982444.35 | M16: 14 | N16: 18843.75 | O16: 23175 | P16: 3410.7188 | Q16: 4194.675 | R16: =J48*(1-0.05) -> 10756223 | S16: =J48*(1+0.05) -> 11888457 | X16: Coratina | Y16: 14 | Z16: 4.8 | AA16: 4.8 | AB16: 15591.021 | AC16: 31182.043 | AD16: 944.61023 | AE16: 1044.0429 | AF16: 18843.75 | AG16: 23175 | AH16: 3410.7188 | AI16: 4194.675 | AJ16: 11430.63 | AK16: 12633.854 | AN16: 14 | AO16: 4.8 | AP16: 4.8 | AQ16: 15591.021 | AR16: 31182.043 | AS16: 18843.75 | AT16: 23175 | AU16: 11430.63 | AV16: 12633.854
D17: Frantoio | E17: 15 | F17: 24.015 | G17: 81935.285 | H17: 163870.57 | I17: =F49*(1-0.05) -> 4670501.2 | J17: =F49*(1+0.05) -> 5162132.9 | M17: 15 | N17: 87442 | O17: 88418.864 | P17: 15827.002 | Q17: 16003.814 | R17: =J49*(1-0.05) -> 45017965 | S17: =J49*(1+0.05) -> 49756699 | X17: Frantoio | Y17: 15 | Z17: 24.015 | AA17: 24.015 | AB17: 81935.285 | AC17: 163870.57 | AD17: 4963.3382 | AE17: 5485.7948 | AF17: 87442 | AG17: 88418.864 | AH17: 15827.002 | AI17: 16003.814 | AJ17: 47840.558 | AK17: 52876.407 | AN17: 15 | AO17: 24.015 | AP17: 24.015 | AQ17: 81935.285 | AR17: 163870.57 | AS17: 87442 | AT17: 88418.864 | AU17: 47840.558 | AV17: 52876.407
D18: Leccino | E18: 16 | F18: 10.2875 | G18: 35099.281 | H18: 70198.563 | I18: =F50*(1-0.05) -> 2000849 | J18: =F50*(1+0.05) -> 2211464.7 | M18: 16 | N18: 23096 | O18: 23956.707 | P18: 4180.376 | Q18: 4336.164 | R18: =J50*(1-0.05) -> 12044847 | S18: =J50*(1+0.05) -> 13312725 | X18: Leccino | Y18: 16 | Z18: 10.2875 | AA18: 10.2875 | AB18: 35099.281 | AC18: 70198.563 | AD18: 2126.3008 | AE18: 2350.1219 | AF18: 23096 | AG18: 23956.707 | AH18: 4180.376 | AI18: 4336.164 | AJ18: 12800.05 | AK18: 14147.423 | AN18: 16 | AO18: 10.2875 | AP18: 10.2875 | AQ18: 35099.281 | AR18: 70198.563 | AS18: 23096 | AT18: 23956.707 | AU18: 12800.05 | AV18: 14147.423
D19: Frantoio | E19: 17 | F19: 19.196643 | G19: 65495.831 | H19: 130991.66 | I19: =F51*(1-0.05) -> 3733452.4 | J19: =F51*(1+0.05) -> 4126447.4 | M19: 17 | N19: 79310 | O19: 87431 | P19: 14355.11 | Q19: 15825.011 | R19: =J51*(1-0.05) -> 42683406 | S19: =J51*(1+0.05) -> 47176396 | X19: Frantoio | Y19: 17 | Z19: 19.196643 | AA19: 19.196643 | AB19: 65495.831 | AC19: 130991.66 | AD19: 3967.5371 | AE19: 4385.1725 | AF19: 79310 | AG19: 87431 | AH19: 14355.11 | AI19: 15825.011 | AJ19: 45359.623 | AK19: 50134.321 | AN19: 17 | AO19: 19.196643 | AP19: 19.196643 | AQ19: 65495.831 | AR19: 130991.66 | AS19: 79310 | AT19: 87431 | AU19: 45359.623 | AV19: 50134.321
D20: Frantoio | E20: 18 | F20: 13.385 | G20: 45667.449 | H20: 91334.898 | I20: =F52*(1-0.05) -> 2603234.6 | J20: =F52*(1+0.05) -> 2877259.3 | M20: 18 | N20: 5987 | O20: 6048.75 | P20: 1083.647 | Q20: 1094.8237 | R20: =J52*(1-0.05) -> 3080986.7 | S20: =J52*(1+0.05) -> 3405301.1 | X20: Frantoio | Y20: 18 | Z20: 13.385 | AA20: 13.385 | AB20: 45667.449 | AC20: 91334.898 | AD20: 2766.4555 | AE20: 3057.6613 | AF20: 5987 | AG20: 6048.75 | AH20: 1083.647 | AI20: 1094.8237 | AJ20: 3274.1622 | AK20: 3618.8109 | AN20: 18 | AO20: 13.385 | AP20: 13.385 | AQ20: 45667.449 | AR20: 91334.898 | AS20: 5987 | AT20: 6048.75 | AU20: 3274.1622 | AV20: 3618.8109
D21: Biancolilla | E21: 19 | F21: 8.2254197 | G21: 28063.798 | H21: 56127.595 | I21: =F53*(1-0.05) -> 1599826.5 | J21: =F53*(1+0.05) -> 1768229.3 | M21: 19 | N21: 897 | O21: 1006 | P21: 162.357 | Q21: 182.086 | R21: =J53*(1-0.05) -> 487141.86 | S21: =J53*(1+0.05) -> 538419.95 | X21: Biancolilla | Y21: 19 | Z21: 8.2254197 | AA21: 8.2254197 | AB21: 28063.798 | AC21: 56127.595 | AD21: 1700.1344 | AE21: 1879.0959 | AF21: 897 | AG21: 1006 | AH21: 162.357 | AI21: 182.086 | AJ21: 517.68529 | AK21: 572.17848 | AN21: 19 | AO21: 8.2254197 | AP21: 8.2254197 | AQ21: 28063.798 | AR21: 56127.595 | AS21: 897 | AT21: 1006 | AU21: 517.68529 | AV21: 572.17848
D22: Biancolilla | E22: 20 | F22: 3.5225 | G22: 12018.199 | H22: 24036.397 | I22: =F54*(1-0.05) -> 685227.32 | J22: =F54*(1+0.05) -> 757356.51 | M22: 20 | N22: 5043 | O22: 5974 | P22: 912.783 | Q22: 1081.294 | R22: =J54*(1-0.05) -> 2820200.7 | S22: =J54*(1+0.05) -> 3117063.9 | X22: Biancolilla | Y22: 20 | Z22: 3.5225 | AA22: 3.5225 | AB22: 12018.199 | AC22: 24036.397 | AD22: 728.19057 | AE22: 804.8422 | AF22: 5043 | AG22: 5974 | AH22: 912.783 | AI22: 1081.294 | AJ22: 2997.0252 | AK22: 3312.5015 | AN22: 20 | AO22: 3.5225 | AP22: 3.5225 | AQ22: 12018.199 | AR22: 24036.397 | AS22: 5043 | AT22: 5974 | AU22: 2997.0252 | AV22: 3312.5015
... D30: Leccino | E30: 28 | F30: 5.6091127 | G30: 9599.3505 | H30: 19198.701 | I30: =F62*(1-0.05) -> 547352.98 | J30: =F62*(1+0.05) -> 604969.08 | M30: 28 | N30: 2719 | O30: 2835 | P30: 492.139 | Q30: 513.135 | R30: =J62*(1-0.05) -> 1421747.7 | S30: =J62*(1+0.05) -> 1571405.4 | X30: Leccino | Y30: 28 | Z30: 5.6091127 | AA30: 5.6091127 | AB30: 9599.3505 | AC30: 19198.701 | AD30: 581.6716 | AE30: 642.90019 | AF30: 2719 | AG30: 2835 | AH30: 492.139 | AI30: 513.135 | AJ30: 1510.8902 | AK30: 1669.9313 | AN30: 28 | AO30: 5.6091127 | AP30: 5.6091127 | AQ30: 9599.3505 | AR30: 19198.701 | AS30: 2719 | AT30: 2835 | AU30: 1510.8902 | AV30: 1669.9313
F32: =SUM(F3:F30) -> 320.73999 | AC32: dolar 1/7
AC33: 941
F34: Costos | J34: Ingresos | AC34: Costos_min | AD34: Costos_max | AE34: Costos_min | AF34: Costos_max | AI34: Ingresos_min | AJ34: Ingresos_max | AK34: Ingresos_min | AL34: Ingresos_max
F35: 5684924.9 | G35: =AVERAGE(I3:J3) -> 5684924.9 | J35: 1.1542035e+08 | AC35: 5400678.6 | AD35: 5969171.1 | AE35: =AC35/$AC$33 -> 5739.2971 | AF35: =AD35/$AC$33 -> 6343.4337 | AI35: 1.0964934e+08 | AJ35: 1.2119137e+08 | AK35: =AI35/$AC$33 -> 116524.27 | AL35: =AJ35/$AC$33 -> 128789.98
F36: 2202431.8 | G36: =AVERAGE(I4:J4) -> 2202431.8 | J36: 11583744 | AC36: 2092310.2 | AD36: 2312553.4 | AE36: =AC36/$AC$33 -> 2223.4965 | AF36: =AD36/$AC$33 -> 2457.5487 | AI36: 11004557 | AJ36: 12162931 | AK36: =AI36/$AC$33 -> 11694.534 | AL36: =AJ36/$AC$33 -> 12925.538
F37: 6620386.1 | G37: =AVERAGE(I5:J5) -> 6620386.1 | J37: 1.4362608e+08 | AC37: 6289366.8 | AD37: 6951405.5 | AE37: =AC37/$AC$33 -> 6683.7055 | AF37: =AD37/$AC$33 -> 7387.2534 | AI37: 1.3644477e+08 | AJ37: 1.5080738e+08 | AK37: =AI37/$AC$33 -> 144999.76 | AL37: =AJ37/$AC$33 -> 160262.89
F38: 1598279.7 | G38: =AVERAGE(I6:J6) -> 1598279.7 | J38: 2703758.7 | AC38: 1518365.7 | AD38: 1678193.7 | AE38: =AC38/$AC$33 -> 1613.5661 | AF38: =AD38/$AC$33 -> 1783.4152 | AI38: 2568570.7 | AJ38: 2838946.6 | AK38: =AI38/$AC$33 -> 2729.6182 | AL38: =AJ38/$AC$33 -> 3016.9464
F39: 1208504.2 | G39: =AVERAGE(I7:J7) -> 1208504.2 | J39: 24155345 | AC39: 1148079 | AD39: 1268929.4 | AE39: =AC39/$AC$33 -> 1220.0627 | AF39: =AD39/$AC$33 -> 1348.4903 | AI39: 22947578 | AJ39: 25363112 | AK39: =AI39/$AC$33 -> 24386.374 | AL39: =AJ39/$AC$33 -> 26953.361
F40: 5801857.5 | G40: =AVERAGE(I8:J8) -> 5801857.5 | J40: 1.0289264e+08 | AC40: 5511764.6 | AD40: 6091950.4 | AE40: =AC40/$AC$33 -> 5857.3482 | AF40: =AD40/$AC$33 -> 6473.9111 | AI40: 97748012 | AJ40: 1.0803728e+08 | AK40: =AI40/$AC$33 -> 103876.74 | AL40: =AJ40/$AC$33 -> 114811.13
F41: 2397319.6 | G41: =AVERAGE(I9:J9) -> 2397319.6 | J41: 49086810 | AC41: 2277453.6 | AD41: 2517185.5 | AE41: =AC41/$AC$33 -> 2420.2482 | AF41: =AD41/$AC$33 -> 2675.0112 | AI41: 46632469 | AJ41: 51541150 | AK41: =AI41/$AC$33 -> 49556.29 | AL41: =AJ41/$AC$33 -> 54772.742
F42: 3677580.8 | G42: =AVERAGE(I10:J10) -> 3677580.8 | J42: 59267599 | AC42: 3493701.8 | AD42: 3861459.9 | AE42: =AC42/$AC$33 -> 3712.7543 | AF42: =AD42/$AC$33 -> 4103.5705 | AI42: 56304219 | AJ42: 62230979 | AK42: =AI42/$AC$33 -> 59834.451 | AL42: =AJ42/$AC$33 -> 66132.815
F43: 1617768.5 | G43: =AVERAGE(I11:J11) -> 1617768.5 | J43: 26965237 | AC43: 1536880.1 | AD43: 1698656.9 | AE43: =AC43/$AC$33 -> 1633.2413 | AF43: =AD43/$AC$33 -> 1805.1614 | AI43: 25616975 | AJ43: 28313499 | AK43: =AI43/$AC$33 -> 27223.14 | AL43: =AJ43/$AC$33 -> 30088.734
F44: 1748191.9 | G44: =AVERAGE(I12:J12) -> 1748191.9 | J44: 5154780.2 | AC44: 1660782.3 | AD44: 1835601.5 | AE44: =AC44/$AC$33 -> 1764.9122 | AF44: =AD44/$AC$33 -> 1950.6924 | AI44: 4897041.2 | AJ44: 5412519.2 | AK44: =AI44/$AC$33 -> 5204.0821 | AL44: =AJ44/$AC$33 -> 5751.8802
F45: 2865050.2 | G45: =AVERAGE(I13:J13) -> 2865050.2 | J45: 14900556 | AC45: 2721797.7 | AD45: 3008302.7 | AE45: =AC45/$AC$33 -> 2892.4524 | AF45: =AD45/$AC$33 -> 3196.921 | AI45: 14155528 | AJ45: 15645584 | AK45: =AI45/$AC$33 -> 15043.07 | AL45: =AJ45/$AC$33 -> 16626.551
F46: 1111060.3 | G46: =AVERAGE(I14:J14) -> 1111060.3 | J46: 199669.29 | AC46: 1055507.3 | AD46: 1166613.3 | AE46: =AC46/$AC$33 -> 1121.6868 | AF46: =AD46/$AC$33 -> 1239.7591 | AI46: 189685.82 | AJ46: 209652.75 | AK46: =AI46/$AC$33 -> 201.57898 | AL46: =AJ46/$AC$33 -> 222.79782
... F62: 576161.03 | G62: =AVERAGE(I30:J30) -> 576161.03 | J62: 1496576.5 | AC62: 547352.98 | AD62: 604969.08 | AE62: =AC62/$AC$33 -> 581.6716 | AF62: =AD62/$AC$33 -> 642.90019 | AI62: 1421747.7 | AJ62: 1571405.4 | AK62: =AI62/$AC$33 -> 1510.8902 | AL62: =AJ62/$AC$33 -> 1669.9313
